input	prediction	true
the springfield jail built for two hundred seventy people now houses more than five hundred	0 0 0 0 0 0 0 0 0 0 0 0 0 0 0	0 1 1 1 0 1 0 1 0 1 1 1 0 1 1
but he denied previously <UNK> reports that he been <UNK> king to do so	0 0 0 0 0 0 0 0 0 0 0 0 0 0	0 1 1 1 1 1 0 1 0 1 1 0 1 0
if present trends continue this year in massachusetts approximately fourteen thousand teenagers will become pregnant	0 0 0 0 0 0 0 0 0 0 0 0 0 0 0	0 1 1 1 1 1 0 1 1 1 1 1 0 0 1
before theyve even been tried in court	0 0 0 0 0 0 0	0 0 0 0 1 0 1
<UNK> up by <UNK> <UNK> later who now <UNK> a life sentence in federal prison	0 0 0 0 0 0 0 0 0 0 0 0 0 0 0	1 0 0 1 1 1 0 1 1 0 1 1 0 1 1
clt petition was only one of four <UNK> at yesterday hearing and the very fact that four <UNK> each <UNK> tax policy in some way have received <UNK> of voter <UNK> <UNK> the <UNK> of public <UNK> over the state budget mess	0 0 0 0 0 0 0 0 0 0 0 0 0 0 0 0 0 0 0 0 0 0 0 0 0 0 0 0 0 0 0 0 0 0 0 0 0 0 0 0 0 0	1 0 0 1 1 0 1 1 0 1 1 0 0 1 1 0 1 0 1 0 1 0 0 1 1 0 1 1 0 0 1 1 0 1 0 1 1 0 0 1 1 1
if the policy <UNK> critics say it will <UNK> the second class <UNK> <UNK> of all <UNK> women	0 0 0 0 0 0 0 0 0 0 0 0 0 0 0 0 0 0	0 0 1 1 1 1 0 0 1 0 1 0 1 0 0 1 1 1
former massachusetts governor edward king and white house chief of staff john <UNK> are <UNK> to meet in washington later today	0 0 0 0 0 0 0 0 0 0 0 0 0 0 0 0 0 0 0 0 0	1 1 1 1 1 0 1 0 1 0 1 1 1 0 1 0 1 0 1 1 1
were charged with conspiracy to commit <UNK> <UNK> of tax law and <UNK> of the states conflict of interest law	0 0 0 0 0 0 0 0 0 0 0 0 0 0 0 0 0 0 0 0	0 1 0 1 0 0 1 1 0 1 0 1 1 0 0 0 1 0 1 0
more than half of america youngsters have had sexual intercourse by the time theyre seventeen and many seldom use birth control according to a recent lewis harris poll sponsored by planned parenthood	0 0 0 0 0 0 0 0 0 0 0 0 0 0 0 0 0 0 0 0 0 0 0 0 0 0 0 0 0 0 0 0	1 0 1 0 0 1 0 0 1 1 0 0 1 0 1 0 1 1 0 1 1 1 0 0 1 0 1 1 1 0 1 1
this last young mother-to-be is luckier than many	0 0 0 0 0 0 0 0	0 1 0 1 0 1 0 1
losing one license under the per se clause is not a criminal offense you wo get a criminal record for it	0 0 0 0 0 0 0 0 0 0 0 0 0 0 0 0 0 0 0 0 0	0 1 1 0 0 1 0 1 0 1 0 1 1 0 1 0 0 1 1 1 0
<UNK> says there no way they can also take on	0 0 0 0 0 0 0 0 0 0	1 1 1 1 1 0 0 1 0 0
for the carol dimaiti stuart foundation	0 0 0 0 0 0	0 0 1 0 1 1
kiley says that while trucks <UNK> <UNK> percent of the state highway taxes they <UNK> just twelve percent of the <UNK> <UNK>	0 0 0 0 0 0 0 0 0 0 0 0 0 0 0 0 0 0 0 0 0 0	1 1 0 0 1 0 1 1 0 0 1 1 0 0 1 0 1 0 0 0 1 1
<UNK> a road surface with superior <UNK>	0 0 0 0 0 0 0	1 0 1 0 0 1 1
and it estimated that every day six more <UNK> become <UNK> with the aids virus	0 0 0 0 0 0 0 0 0 0 0 0 0 0 0	0 0 1 0 1 1 1 0 1 0 1 0 0 1 0
<UNK> <UNK> ballaga but she says she has no <UNK> about having run	0 0 0 0 0 0 0 0 0 0 0 0 0	1 1 0 0 0 1 0 0 1 1 1 0 1
henry ford once told his <UNK> <UNK> customers you can have any <UNK> you want as long as it black	0 0 0 0 0 0 0 0 0 0 0 0 0 0 0 0 0 0 0 0	1 1 0 1 0 1 0 1 0 0 0 1 0 0 1 0 1 0 0 1
a similar measure sponsored by <UNK> a public <UNK> union and a proposal by the massachusetts <UNK> association that would require lawmakers to give a <UNK> of revenue directly to local aid are also being <UNK> by the taxation committee	0 0 0 0 0 0 0 0 0 0 0 0 0 0 0 0 0 0 0 0 0 0 0 0 0 0 0 0 0 0 0 0 0 0 0 0 0 0 0 0	0 1 0 0 0 1 0 0 1 0 1 0 1 0 0 1 1 0 0 0 1 1 0 0 0 1 0 1 1 0 1 1 0 1 1 1 1 0 1 1
apparently her <UNK> over the years has been effective it difficult to find a ballaga <UNK>	0 0 0 0 0 0 0 0 0 0 0 0 0 0 0 0	1 0 1 1 0 1 1 0 1 0 1 0 1 0 1 1
today about forty thousand students remain in the us waiting watching <UNK> when and if they can <UNK> return home	0 0 0 0 0 0 0 0 0 0 0 0 0 0 0 0 0 0 0 0	1 0 1 1 1 1 0 0 1 1 1 1 1 0 1 0 0 1 0 1
the hospital the mayor office the school system police and others	0 0 0 0 0 0 0 0 0 0 0	0 1 0 1 0 0 1 0 1 0 1
these claims are disputed by the head of the task force doctor deborah prothro-stith she says since students do use existing services school based clinics would be an alternative rather than a duplication	0 0 0 0 0 0 0 0 0 0 0 0 0 0 0 0 0 0 0 0 0 0 0 0 0 0 0 0 0 0 0 0 0	1 1 0 1 0 0 1 0 0 1 1 1 1 1 1 1 0 1 1 1 1 1 1 0 1 0 1 0 1 1 0 0 1
well that what supporters of the safe roads act are hoping anyway but will it work massachusetts got tough on drunken drivers years ago	0 0 0 0 0 0 0 0 0 0 0 0 0 0 0 0 0 0 0 0 0 0 0 0	0 1 0 1 0 0 1 0 0 0 1 1 0 1 0 1 1 0 1 0 1 1 1 0
he admits the treaty <UNK> wo change children <UNK> but says it can change <UNK> and policies	0 0 0 0 0 0 0 0 0 0 0 0 0 0 0 0 0	1 1 0 1 1 1 0 0 1 0 1 0 1 0 1 0 1
to run the state highest court	0 0 0 0 0 0	0 1 0 1 1 1
massachusetts may now have the toughest drunken driving law in the nation thanks to the safe roads act that became law this week	0 0 0 0 0 0 0 0 0 0 0 0 0 0 0 0 0 0 0 0 0 0 0	1 0 1 0 0 1 0 1 0 0 0 1 1 0 0 0 1 0 0 0 1 0 0
jury <UNK> have started in the first <UNK> murder trial of the former stock <UNK> who <UNK> <UNK> his boss at <UNK> <UNK> boston office	0 0 0 0 0 0 0 0 0 0 0 0 0 0 0 0 0 0 0 0 0 0 0 0 0	1 1 0 1 0 0 1 0 1 1 0 0 1 1 0 0 1 1 0 1 0 1 1 1 1
even though grafton could <UNK> use the <UNK> of dollars it been <UNK>	0 0 0 0 0 0 0 0 0 0 0 0 0	1 0 1 0 1 1 0 1 0 1 0 0 1
sorcee says his goal is to provide a home away from home	0 0 0 0 0 0 0 0 0 0 0 0	1 0 1 0 1 0 1 0 1 1 0 1
he says research into what deters the drunken driver shows that often those who drink and drive are risk takers even when theyre sober theyre more likely to run red lights and shun the seat belt	0 0 0 0 0 0 0 0 0 0 0 0 0 0 0 0 0 0 0 0 0 0 0 0 0 0 0 0 0 0 0 0 0 0 0 0	1 1 1 0 1 1 0 1 1 1 0 1 1 0 1 0 1 0 1 0 1 0 0 1 0 1 1 0 1 0 1 0 0 0 1 0
and she says like health care in the work place the thrust of health care in the schools is to overcome access barriers	0 0 1 0 0 0 0 0 0 1 0 0 0 0 0 0 0 0 0 0 0 0 0	1 0 0 0 1 0 0 0 1 0 0 1 0 0 0 0 0 1 0 0 1 1 1
in nineteen seventy four jim grilsh was a <UNK> father of two working for boston <UNK>	0 0 0 0 0 0 0 0 0 0 0 0 0 0 0 0	0 1 0 1 1 1 0 0 1 1 0 1 1 0 1 1
richard manley is president of the massachusetts <UNK> foundation	0 0 0 0 0 0 0 0 0	0 1 0 1 0 0 1 1 1
but no town an island not even lincoln says school committee <UNK> henry morgan	0 0 0 0 0 0 0 0 0 0 0 0 0 0	0 1 0 0 1 1 0 1 0 1 0 1 0 1
just like everyone else	0 0 0 0	0 0 1 1
you are not <UNK>	0 0 0 0	1 0 1 1
the state safe roads act is only a few days old but it already facing a challenge	0 0 0 0 0 0 0 0 0 0 0 0 0 0 0 0 0	0 1 0 0 1 0 1 0 1 0 1 0 0 1 0 0 1
the electronic <UNK> looks more like an <UNK> <UNK> the <UNK> has a long high tech <UNK> handle making it more <UNK> and easier to use	0 0 0 0 0 0 0 0 0 0 0 0 0 0 0 0 0 0 0 0 0 0 0 0 0 0	0 1 1 0 1 0 0 1 0 0 1 0 0 1 1 1 1 1 1 0 0 1 0 1 0 1
residents <UNK> work ninety to one hundred and ten hours per week	0 0 0 0 0 0 0 0 0 0 0 0	1 1 1 1 0 0 1 0 1 1 0 1
<UNK> frank district <UNK> from <UNK> democratic <UNK> through <UNK> mostly republican <UNK> such as <UNK> and <UNK> to the working class <UNK> of fall <UNK>	0 0 0 0 0 0 0 0 0 0 0 0 0 0 0 0 0 0 0 0 0 0 0 0 0 0	1 1 1 1 0 1 1 1 0 1 1 1 1 0 0 1 0 1 0 0 1 0 1 0 1 1
the effects are <UNK> through the <UNK> industry built around one twenty-eight	0 0 0 0 0 0 0 0 0 0 0 0	0 1 0 1 0 0 1 1 1 1 1 1
at a candidate <UNK> last august and in a subsequent meeting with environmental <UNK> john silber <UNK> there no need to <UNK> rule out further development on <UNK> because <UNK> can always <UNK> new <UNK>	0 0 0 0 0 0 0 0 0 0 0 0 0 0 0 0 0 0 0 0 0 0 0 0 0 0 0 0 0 0 0 0 0 0 0	0 0 1 1 0 1 0 0 0 1 1 0 1 1 1 1 0 0 1 0 0 1 0 0 1 1 0 1 0 1 0 1 1 0 1
state officials <UNK> the people of connecticut have made it clear through their <UNK> that they do not want casino <UNK> <UNK>	0 0 0 0 0 0 0 0 0 0 0 0 0 0 0 0 0 0 0 0 0 0	1 1 0 0 1 0 0 0 0 0 1 0 0 1 0 0 0 1 1 0 1 1
as for those who say that taking away someone license based on the breathalizer results is tantamount to trial by machine state officials say that simply is so	0 0 0 0 0 0 0 0 0 0 0 0 0 0 0 0 0 0 0 0 0 0 0 0 0 0 0 0	1 0 1 0 1 0 1 1 1 1 1 0 0 1 1 0 1 0 1 0 1 0 1 1 1 0 0 1
<UNK> says the old ways are also important	0 0 0 0 0 0 0 0	1 1 0 1 1 0 1 1
in nineteen <UNK> democratic governor michael dukakis <UNK> a campaign promise to <UNK> judicial <UNK>	0 0 0 0 0 0 0 0 0 0 0 0 0 0 0	0 1 1 1 1 1 1 0 0 1 0 0 1 1 1
which are <UNK> <UNK> <UNK> he says against drugs and political <UNK>	0 0 0 0 0 0 0 0 0 0 0 0	1 0 1 1 1 0 1 0 1 0 1 1
despite the state massive budget deficit hennessy recently urged colleagues in the bar association not to retreat from these hard won gains	0 0 0 0 0 0 0 0 0 0 0 0 0 0 0 0 0 0 0 0 0 0	1 0 0 1 0 1 1 1 1 1 0 0 1 0 1 0 1 0 0 1 0 1
at the time wheaton was considering going coed some <UNK> strongly <UNK>	0 0 0 0 0 0 0 0 0 0 0 0	0 0 1 1 0 1 1 1 1 1 1 1
and many of her son <UNK> things	0 0 0 0 0 0 0	0 1 0 0 1 1 1
ash says the ultimate goal is to use it to get about forty out of jail early	0 0 0 0 0 0 0 0 0 0 0 0 0 0 0 0 0	1 1 0 1 1 0 0 1 0 0 0 0 1 1 0 1 1
for wbur im margo melnicove	0 0 0 0 0	0 1 1 1 1
about ten thousand <UNK> and several businesses have made contributions with the largest <UNK> far from <UNK> and women hospital	0 0 0 0 0 0 0 0 0 0 0 0 0 0 0 0 0 0 0 0	0 1 1 1 0 1 1 0 1 1 0 0 1 0 1 0 0 0 0 1
than laws <UNK> by <UNK>	0 0 0 0 0	0 1 1 0 1
but bank of boston spokesman jack <UNK> <UNK>	0 0 0 0 0 0 0 0	0 1 0 1 1 1 1 1
he then <UNK> the crime on a black man	0 0 0 0 0 0 0 0 0	0 0 1 0 0 0 0 1 0
at a cost of two and a half <UNK> dollars a year	0 0 0 0 0 0 0 0 0 0 0 0	0 0 1 0 1 0 0 0 1 0 0 1
ballaga has already passed two <UNK> according to <UNK>	0 0 0 0 0 0 0 0 0	1 0 1 1 1 0 1 0 1
<UNK> points out that while metco youngsters <UNK> <UNK> of the students they require nearly half of the <UNK> education plants	0 0 0 0 0 0 0 0 0 0 0 0 0 0 0 0 0 0 0 0 0	1 0 1 0 0 1 0 1 1 0 0 1 0 1 0 1 0 0 1 1 0
carol stuart brother carl dimaiti told <UNK> and a crowd of <UNK> it only <UNK> that were at <UNK> and women hospital in mission hill	0 0 0 0 0 0 0 0 0 0 0 0 0 0 0 0 0 0 0 0 0 0 0 0 0	1 0 1 0 1 1 1 0 0 1 0 1 0 1 1 0 0 0 1 0 1 1 0 0 1
the <UNK> include charges that some <UNK> <UNK> several <UNK> <UNK> in connecticut and new york	0 0 0 0 0 0 0 0 0 0 0 0 0 0 0 0	0 1 0 1 0 1 0 0 0 1 0 0 1 0 0 1
turbo tax <UNK> the <UNK> <UNK> <UNK> for each line at the push of a <UNK>	0 0 0 0 0 0 0 0 0 0 0 0 0 0 0 0	1 1 1 0 1 0 1 0 0 1 0 0 1 0 0 1
computerized phone calls which do everything from selling magazine subscriptions to reminding people about meetings have become the telephone equivalent of junk mail	0 0 0 0 0 0 0 0 0 0 0 0 0 0 0 0 0 0 0 0 0 0 0	1 1 1 0 0 1 0 1 1 1 0 1 0 0 1 0 1 0 1 1 0 1 1
to get at the people who <UNK> his life	0 0 0 0 0 0 0 0 0	0 1 0 0 1 0 1 1 0
and a <UNK> up budget for police	0 0 0 0 0 0 0	0 0 1 0 1 0 1
were put on the bench by governor edward king	0 0 0 0 0 0 0 0 0	1 1 0 0 1 1 1 1 1
doctor norman rosenblatt dean of the college of criminal justice at northeastern university agrees	0 0 0 0 0 0 0 0 0 0 0 0 0 0	1 1 1 1 0 0 1 0 1 1 0 1 1 1
wbur david <UNK> reports	0 0 0 0	1 1 1 1
the boston school committee religious and community leaders	0 0 0 0 0 0 0 0	0 1 1 0 1 0 1 0
there are no reported cases of <UNK> <UNK> at the school but senior <UNK> <UNK> is worried about what the future may bring	0 0 0 0 0 0 0 0 0 0 0 0 0 0 0 0 0 0 0 0 0 0 0	0 0 1 0 1 0 1 1 0 0 1 0 1 0 1 0 1 0 1 0 1 0 1
if he calls ballaga says shell give <UNK> a <UNK> hearing	0 0 0 0 0 0 0 0 0 0 0	1 0 1 1 1 0 1 1 0 1 1
many gays are still afraid to come out of the closet to take a public <UNK>	0 0 0 0 0 0 0 0 0 0 0 0 0 0 0 0	1 1 0 1 0 0 0 1 0 0 1 0 1 0 1 1
for wbur im margo melnicove	0 0 0 0 0	0 1 1 0 1
today state <UNK> consider four hundred and three native plant and <UNK> species	0 0 0 0 0 0 0 0 0 0 0 0 0	1 1 1 1 1 1 0 1 1 1 0 1 1
massachusetts governor michael dukakis says his choose a school proposal will strengthen inner city school <UNK> rather then <UNK> away their <UNK> students	0 0 0 0 0 0 0 0 0 0 0 0 0 0 0 0 0 0 0 0 0 0 0	1 1 1 1 0 0 1 0 1 0 0 1 1 1 1 0 1 0 1 1 0 1 1
forty two year old lani gilchrist is <UNK> <UNK> in the shooting death of george cook last april cook was killed in <UNK> <UNK> <UNK> boston office	0 0 0 0 0 0 0 0 0 0 0 0 0 0 0 0 0 0 0 0 0 0 0 0 0 0 0	1 1 0 0 1 1 0 1 1 0 0 1 0 0 1 1 0 1 1 0 1 0 1 0 1 1 1
with seventy percent of the vote despite his public <UNK> a year earlier that he a <UNK>	0 0 0 0 0 0 0 0 0 0 0 0 0 0 0 0 0	0 1 1 0 0 1 1 0 1 1 0 1 1 0 1 0 1
republican senator david <UNK> bill	0 0 0 0 0	1 0 1 1 0
there no <UNK> that pregnant women will be prosecuted for legal <UNK>	0 0 0 0 0 0 0 0 0 0 0 0	0 1 1 0 1 1 0 0 1 0 1 1
town <UNK> <UNK> <UNK> says more research is needed to <UNK> if that fear is <UNK> meanwhile he says town officials will not <UNK> the project	0 0 0 0 0 0 0 0 0 0 0 0 0 0 0 0 0 0 0 0 0 0 0 0 0 0	1 1 0 1 0 1 1 0 0 0 1 0 1 1 0 1 1 0 1 1 1 0 1 1 0 1
<UNK> says supporters have <UNK> <UNK> by about eight to one	0 0 0 0 0 0 0 0 0 0 0	1 1 1 0 1 1 0 0 1 0 1
state public health deputy commissioner <UNK> <UNK>	0 0 0 0 0 0 0	1 0 1 1 1 1 1
plow says in san <UNK> california nearly one third of all <UNK> now involve people high on ice	0 0 0 0 0 0 0 0 0 0 0 0 0 0 0 0 0 0	1 1 0 1 1 1 0 1 1 0 0 1 1 0 0 1 0 1
the auto body association wants to <UNK> the <UNK> of <UNK> <UNK> a referral shop may receive	0 0 0 0 0 0 0 0 0 0 0 0 0 0 0 0 0	0 1 0 1 0 0 1 0 1 0 1 0 0 1 0 0 1
<UNK> county district attorney scott harshbarger	0 0 0 0 0 0	1 1 1 1 0 1
such supervision according to ash is a sensible cost effective alternative to incarceration	0 0 0 0 0 0 0 0 0 0 0 0 0	1 0 0 0 1 0 0 1 1 1 1 0 1
gilchrist has <UNK> not <UNK> his attorneys will not <UNK> their defense but they are likely to argue that gilchrist who is black was <UNK> to control himself	0 0 0 0 0 0 0 0 0 0 0 0 0 0 0 0 0 0 0 0 0 0 0 0 0 0 0 0	1 0 0 0 1 0 1 0 1 1 0 1 0 1 0 1 0 1 0 1 0 0 1 0 1 0 1 0
doctor norman rosenblatt dean of the college of criminal justice at northeastern university agrees	0 0 0 0 0 0 0 0 0 0 0 0 0 0	0 1 1 1 0 0 1 0 1 1 0 1 0 1
<UNK> out a <UNK> <UNK> <UNK> it into the <UNK>	0 0 0 0 0 0 0 0 0 0	0 1 0 1 0 1 0 0 0 1
if rockport does not <UNK> the million dollars the smithsonian as <UNK> <UNK> will	0 0 0 0 0 0 0 0 0 0 0 0 0 0	0 1 0 1 0 0 0 1 0 1 0 1 0 1
for wbur im margo melnicove	0 0 0 0 0	0 1 1 0 1
and choafe says students will be required to <UNK> <UNK>	0 0 0 0 0 0 0 0 0 0	0 1 1 1 0 0 1 0 1 1
ma says the sixteen hundred member fdc can learn not only from the <UNK> but also from the <UNK> of eastern european reform	0 0 0 0 0 0 0 0 0 0 0 0 0 0 0 0 0 0 0 0 0 0 0	1 1 0 1 1 1 1 0 1 1 1 0 0 1 0 1 0 0 1 0 1 0 1
for hennessy it was another step along a distinguished career that began as a trial lawyer and led to an appointment	0 0 0 0 0 0 0 0 0 0 0 0 0 0 0 0 0 0 0 0 0	0 1 0 0 1 0 1 0 1 1 0 1 0 0 1 0 0 1 0 0 1
that means paul leocos or ruth abrams the only woman on the court	0 0 0 0 0 0 0 0 0 0 0 0 0	1 0 1 1 0 1 1 0 1 1 0 0 1
according to unicef the world health organization and other <UNK> <UNK> <UNK> one of every three people who <UNK> each day is a child under the age of five	0 0 0 0 0 0 0 0 0 0 0 0 0 0 0 0 0 0 0 0 0 0 0 0 0 0 0 0 0	1 0 1 0 1 1 1 0 1 1 1 0 1 0 1 0 1 0 1 0 0 0 0 1 1 0 1 0 1
the boston school committee religious and community leaders have already come to loggerheads over the issue	0 0 0 0 0 0 0 0 0 0 0 0 0 0 0 0	0 1 1 0 1 0 1 0 0 1 0 0 1 0 0 1
and continue to protect public health	0 0 0 0 0 0	0 1 0 1 0 1
this study may <UNK> those fears but according to student jeff <UNK> <UNK> of the situation is part of the solution	0 0 0 0 0 0 0 0 0 0 0 0 0 0 0 0 0 0 0 0 0	0 1 0 1 0 1 0 1 0 1 1 1 1 0 0 1 0 1 0 0 1
but their budgets primarily <UNK> a love <UNK> with the <UNK> race	0 0 0 0 0 0 0 0 0 0 0 0	0 0 1 1 1 0 1 0 0 0 1 0
but university of <UNK> <UNK> health professor <UNK> maurri says once asbestos is removed from a building then <UNK> and <UNK> according to government <UNK> it no longer dangerous	0 0 0 0 0 0 0 0 0 0 0 0 0 0 0 0 0 0 0 0 0 0 0 0 0 0 0 0 0	0 1 0 1 1 1 0 1 1 1 1 1 0 1 0 0 1 0 1 0 1 1 0 1 1 1 0 1 1
initially the program will involve only a handful of inmates	0 0 0 0 0 0 0 0 0 0	1 0 1 0 1 1 0 1 0 1
anyone who may become pregnant	0 0 0 0 0	1 0 1 0 1
he says it a <UNK> that act up protest at the closing <UNK> of the <UNK> aids conference which <UNK> out health and human services secretary <UNK> <UNK> also seem to <UNK> out the <UNK> of the rest of the conference	0 0 0 0 0 0 0 0 0 0 0 0 0 0 0 0 0 0 0 0 0 0 0 0 0 0 0 0 0 0 0 0 0 0 0 0 0 0 0 0 0	1 0 0 0 1 0 1 0 1 0 0 1 1 0 0 1 1 0 0 1 0 1 0 1 1 1 1 1 1 0 0 1 1 0 1 0 0 1 0 0 1
in atlanta	0 0	1 1
and three hundred million dollars to restore crumbling court houses	0 0 0 0 0 0 0 0 0 0	0 1 0 1 1 0 0 1 1 0
kassler says unlike the federal supreme court there no litmus test on particular issues that massachusetts high court nominees must pass	0 0 0 0 0 0 0 0 0 0 0 0 0 0 0 0 0 0 0 0 0	1 1 1 0 1 1 1 0 1 1 0 0 1 1 0 1 0 1 0 0 1
for wbur im margo melnicove	0 0 0 0 0	0 1 1 1 1
the <UNK> seem to be small but damage to state and local efforts to <UNK> the quality of food medical care and <UNK> housing is expected to be <UNK>	0 0 0 0 0 0 0 0 0 0 0 0 0 0 0 0 0 0 0 0 0 0 0 0 0 0 0 0 0	0 1 1 0 0 1 0 1 0 1 0 1 0 0 1 0 1 0 1 1 1 0 1 1 0 1 0 0 1
weld applauds mandatory recycling silber dismisses recycling goals as <UNK>	0 0 0 0 0 0 0 0 0 0	1 0 1 1 1 1 1 0 0 1
he lost an <UNK>	0 0 0 0	0 1 0 1
is tantamount to trial by machine state officials say that simply is so	0 0 0 0 0 0 0 0 0 0 0 0 0	0 1 0 1 0 1 1 0 0 1 1 0 1
of <UNK> <UNK> <UNK>	0 0 0 0	0 1 1 1
will <UNK> more <UNK>	0 0 0 0	0 1 1 0
the celtics are idle tonight their next game is on <UNK> in atlanta	0 0 0 0 0 0 0 0 0 0 0 0 0	0 1 0 1 1 1 0 1 0 0 1 1 1
before that however lawmakers will have their chance to vote up or down on the measure	0 0 0 0 0 0 0 0 0 0 0 0 0 0 0 0	1 1 0 1 0 0 1 0 0 1 1 0 1 0 0 1
the <UNK> project a <UNK> conference of <UNK> from around the world was <UNK> by the <UNK> design <UNK> institute	0 0 0 0 0 0 0 0 0 0 0 0 0 0 0 0 0 0 0 0	0 1 1 0 1 1 0 1 0 1 0 0 0 1 0 0 1 1 1 0
here are some of the other <UNK> were following for you this afternoon	0 0 0 0 0 0 0 0 0 0 0 0 0	1 0 1 0 0 0 1 0 1 1 0 0 1
more than half of america youngsters have had sexual intercourse by the time theyre seventeen and many seldom use birth control according to a recent <UNK> poll sponsored by planned parenthood >brth advocates of dispensing contraceptives in schools see the poll as <UNK> their case	0 0 0 0 0 0 0 0 0 0 0 0 0 0 0 0 0 0 0 0 0 0 0 0 0 0 0 0 0 0 0 0 0 0 0 0 0 0 0 0 0 0 0 0 0	1 0 1 0 1 1 0 0 1 1 0 0 1 0 1 0 1 1 0 1 0 1 0 0 1 1 0 1 0 1 1 0 1 0 1 1 0 1 1 0 1 0 1 0 0
and grilled by the governor executive council	0 1 0 0 0 0 0	0 1 0 0 1 1 1
two are from boston one is from out of town	0 0 0 0 0 0 0 0 0 0	1 0 0 1 1 0 0 1 0 1
an <UNK> said the operation was unprecedented for its successful <UNK> of the <UNK> inner <UNK>	0 0 0 0 0 0 0 0 0 0 0 0 0 0 0 0	0 1 1 0 1 1 1 0 0 1 1 0 0 1 1 1
the mayor education advisor <UNK> <UNK> says it would be <UNK> for flynn to commit to the three year contract <UNK> current revenue <UNK> but she says those who <UNK> the mayor for backing down on his commitment to education	0 0 0 0 0 0 0 0 0 0 0 0 0 0 0 0 0 0 0 0 0 0 0 0 0 0 0 0 0 0 0 0 0 0 0 0 0 0 0 0	0 1 1 0 1 1 1 0 0 0 1 0 1 0 1 0 0 1 0 1 1 1 1 1 0 1 1 1 0 1 0 1 1 1 1 0 0 1 0 1
all <UNK> all <UNK> found tax cut to be a better program for people who do know a <UNK> about taxes although he found its <UNK> help <UNK> <UNK> him down	0 0 0 0 0 0 0 0 0 0 0 0 0 0 0 0 0 0 0 0 0 0 0 0 0 0 0 0 0 0 0	1 0 1 0 0 1 0 0 0 0 1 0 0 0 0 1 0 0 0 0 1 0 1 0 0 0 1 0 0 0 1
according to the <UNK> nanny association the increase in <UNK> with both parents working has set off a nanny <UNK> the group estimates ten of <UNK> of <UNK> are now at work in the us with <UNK> of <UNK> schools training new <UNK> every year	0 0 0 0 0 0 0 0 0 0 0 0 0 0 0 0 0 0 0 0 0 0 0 0 0 0 0 0 0 0 0 0 0 0 0 0 0 0 0 0 0 0 0 0 0	1 0 0 1 1 0 0 1 0 1 0 1 1 1 0 0 1 0 1 1 0 1 1 1 0 1 0 1 0 0 0 1 0 0 0 0 1 0 1 1 0 1 0 0 1
and <UNK> speculation that chief of staff john <UNK> is <UNK> in the <UNK> environmental affairs	0 0 0 0 0 0 0 0 0 0 0 0 0 0 0 0	0 1 1 0 1 0 1 1 1 0 1 0 0 1 1 1
and marshall says it would be good for the <UNK> to have <UNK> causing asbestos <UNK>	0 0 0 0 0 0 0 0 0 0 0 0 0 0 0 0	0 1 1 0 0 0 1 0 0 1 0 0 1 1 1 1
for wbur im margo melnicove	0 0 0 0 0	0 1 1 1 1
massachusetts would be the first state in the nation to <UNK> universal child-care under a plan being <UNK> by a legislative commission	0 0 0 0 0 0 0 0 0 0 0 0 0 0 0 0 0 0 0 0 0 0	1 0 0 0 1 0 0 0 1 0 1 1 1 1 0 1 0 1 0 0 1 1
when a computerized call is made to a former prisoner home phone that person answers by plugging in the device	0 0 0 0 0 0 0 0 0 0 0 0 0 0 0 0 0 0 0 0	0 0 1 1 0 1 0 0 1 1 0 1 1 0 1 0 1 0 0 1
police also say levy blood alcohol level was <UNK> the legal <UNK>	0 0 0 0 0 0 0 0 0 0 0 0	1 1 1 1 0 1 1 0 1 0 0 1
are <UNK> their smithsonian <UNK> and <UNK> <UNK> to <UNK> their <UNK> <UNK> the town	0 0 0 0 0 0 0 0 0 0 0 0 0 0 0	0 1 0 1 1 0 1 1 0 1 0 1 1 0 1
but no matter what most say theyre determined not to go back home at least not yet	0 0 0 0 0 0 0 0 0 0 0 0 0 0 0 0 0	0 0 1 1 1 1 0 1 1 0 1 0 1 0 0 0 1
to testify that gilchrist knew <UNK> what he was <UNK> when he allegedly killed cook	0 0 0 0 0 0 0 0 0 0 0 0 0 0 0	0 1 0 1 0 1 0 0 0 1 0 0 1 1 1
in nineteen seventy six democratic governor michael dukakis <UNK> a campaign promise to <UNK> judicial <UNK>	0 0 0 0 0 0 0 0 0 0 0 0 0 0 0 0	0 1 1 1 1 1 1 1 1 0 1 1 0 1 1 1
according to unicef twenty thousand of the forty thousand children who <UNK> each day	0 0 0 0 0 0 0 0 0 0 0 0 0 0	1 0 1 1 1 0 0 1 0 1 0 1 0 1
for wbur im margo melnicove	0 0 0 0 0	1 1 1 1 1
kids do have sex because contraceptives are or are not available according to prothrow-stith and while she does not condone sexual activity among teens she thinks medically it unfair to deny access to contraceptives to some	0 0 0 0 0 0 0 0 0 0 0 0 0 0 0 0 0 0 0 0 0 0 0 0 0 0 0 0 0 0 0 0 0 0 0 0	1 1 0 1 0 1 1 0 0 1 1 1 0 0 0 1 0 0 1 1 1 1 0 1 0 1 1 0 1 0 1 1 0 1 0 1
it is a civil infraction and one that they believe will be a key deterrent to the drunken driver	0 0 0 0 0 0 0 0 0 0 0 0 0 0 0 0 0 0 0	0 1 0 1 1 0 1 0 1 1 0 0 0 1 1 1 0 1 1
only twenty two are <UNK> by federal law	0 0 0 0 0 0 0 0	1 1 1 0 1 0 1 1
that the city would be hard <UNK> to <UNK> for the eighty nine million dollar <UNK>	0 0 0 0 0 0 0 0 0 0 0 0 0 0 0 0	0 0 1 0 0 1 1 0 1 0 0 1 0 1 1 1
wanted chief justice of the massachusetts supreme court	0 0 0 0 0 0 0 0	1 1 1 0 0 1 1 1
they are sixteen or seventeen years old	0 0 0 0 0 0 0	0 0 1 0 1 0 1
irene <UNK> says it as if metco a <UNK> <UNK> which few lincoln parents have <UNK> to question <UNK>	0 0 0 0 0 0 0 0 0 0 0 0 0 0 0 0 0 0 0	1 1 0 0 0 0 1 0 1 1 0 1 1 1 0 1 0 1 1
the <UNK> between the teacher union and the school department	0 0 0 0 0 0 0 0 0 0	0 1 0 0 1 1 0 0 1 0
all but one of the chief justices since eighteen ninety-nine when oliver wendell holmes was appointed came from the ranks of sjc associateaj justices	0 0 0 0 0 0 0 0 0 0 0 0 0 0 0 0 0 0 0 0 0 0 0 0	1 0 1 0 0 1 1 0 1 1 0 1 1 1 0 0 1 0 0 1 0 1 1 0
says although it will allow some prisoners to be released a few months before their sentences are up concerns that may raise about public safety are not well founded	0 0 0 0 0 0 0 0 0 0 0 0 0 0 0 0 0 0 0 0 0 0 0 0 0 0 0 0 0	1 1 0 1 0 1 1 0 0 1 0 1 1 0 0 1 0 1 1 1 0 0 0 1 1 0 1 1 1
another option would be to <UNK> political <UNK> but <UNK> fong wong says that could be dangerous as well	0 0 0 0 0 0 0 0 0 0 0 0 0 0 0 0 0 0 0	1 1 0 1 0 1 1 0 0 1 0 1 0 1 0 0 0 0 1
the fund now <UNK> nearly five hundred thousand dollars	0 0 0 0 0 0 0 0 0	0 0 1 0 0 1 1 0 1
attorney <UNK> <UNK> <UNK> <UNK> hill phantom which has <UNK> a <UNK> <UNK> against theater <UNK> kelly and the globe	0 0 0 0 0 0 0 0 0 0 0 0 0 0 0 0 0 0 0 0	1 1 0 1 0 1 0 0 0 0 0 1 0 1 0 0 1 1 0 1
the author of more than eight hundred state supreme court opinions hennessy is widely respected for his legal scholarship and his administrative abilities	0 0 0 0 0 0 0 0 0 0 0 0 0 0 0 0 0 0 0 0 0 0 0	0 1 0 0 0 1 1 1 0 0 1 1 0 1 1 0 0 1 1 0 0 1 1
the description conjures up images of big brother watching	0 0 0 0 0 0 0 0 0	0 1 1 0 1 0 1 1 1
and he says there ten million dollars from <UNK> sales for <UNK> <UNK> on hand	0 0 0 0 0 0 0 0 0 0 0 0 0 0 0	0 0 1 0 1 1 1 0 1 0 0 1 1 0 1
and even at twenty one <UNK> <UNK> <UNK> already has <UNK> <UNK> <UNK>	0 0 0 0 0 0 0 0 0 0 0 0 0	0 1 0 1 1 1 0 1 1 0 1 1 1
against incumbent william <UNK>	0 0 0 0	0 1 0 1
<UNK> students according to <UNK> is <UNK> upon by lincoln teachers and school administrators	0 0 0 0 0 0 0 0 0 0 0 0 0 0	1 1 1 0 1 0 1 0 0 1 1 0 1 1
jeff conley heads the boston <UNK> commission a <UNK> <UNK> created by the city <UNK>	0 0 0 0 0 0 0 0 0 0 0 0 0 0 0	1 1 1 0 1 1 1 0 1 1 1 1 0 1 1
and a <UNK> <UNK> named after its <UNK>	0 0 0 0 0 0 0 0	0 0 1 0 0 1 0 1
the contract was <UNK> last may after eight months of <UNK> and <UNK> by <UNK> as <UNK>	0 0 0 0 0 0 0 0 0 0 0 0 0 0 0 0 0	0 1 0 1 1 1 0 1 1 0 1 0 1 0 1 0 1
once <UNK> ten thousand workers a year a <UNK> <UNK> and wage <UNK> has now been proposed	0 0 0 0 0 0 0 0 0 0 0 0 0 0 0 0 0	1 1 1 0 1 0 1 0 1 1 0 1 0 0 1 0 1
and if opponents <UNK> enough <UNK> to make it a ballot question in nineteen eighty eight state officials <UNK> voters will keep it <UNK>	0 0 0 0 0 0 0 0 0 0 0 0 0 0 0 0 0 0 0 0 0 0 0 0	0 0 1 1 1 1 0 1 0 0 1 1 0 1 1 1 1 1 1 1 1 1 0 1
more than half of america youngsters have had sexual intercourse by the time theyre seventeen	0 0 0 0 0 0 0 0 0 0 0 0 0 0 0	1 0 1 0 1 1 0 0 1 1 0 0 1 0 1
thirteen inmates <UNK> from the jail in <UNK> on <UNK>	0 0 0 0 0 0 0 0 0 0	1 0 1 0 0 0 0 1 1 1
for wbur im margo melnicove	0 0 0 0 0	0 1 1 0 1
selester says once there were two <UNK> gangs with thirteen members each	0 0 0 0 0 0 0 0 0 0 0 0	1 0 1 0 1 1 1 0 0 1 0 1
and if opponents <UNK> enough <UNK> to make it a ballot question in nineteen eighty eight state officials <UNK> voters will keep it <UNK>	0 0 0 0 0 0 0 0 0 0 0 0 0 0 0 0 0 0 0 0 0 0 0 0	0 1 1 0 1 1 0 0 0 0 1 1 0 0 0 1 1 0 0 1 0 1 0 1
she agrees with mary conroy	0 0 0 0 0	0 1 0 1 1
even before the material gets to the plant	0 0 0 0 0 0 0 0	1 1 0 1 1 0 0 1
and one of the toughest as wbur margo melnicove reports hennessy will be a hard act to follow	0 0 0 0 0 0 0 0 0 0 0 0 0 0 0 0 0 0	1 0 0 0 1 0 1 0 1 1 1 0 0 0 1 0 1 0
it is a civil infraction and one that they believe will be a key deterrent to the drunken driver	0 0 0 0 0 0 0 0 0 0 0 0 0 0 0 0 0 0 0	0 1 0 1 0 0 1 0 1 0 0 0 0 1 1 0 0 1 1
admirers give hennessy much of the credit for sweeping court reform that began a decade ago and for last year legislative approval of thirty five new judgeships	0 0 0 0 0 0 0 0 0 0 0 0 0 0 0 0 0 0 0 0 0 0 0 0 0 0 0	1 0 1 1 0 0 1 0 1 1 1 0 1 0 1 1 1 0 1 0 1 1 0 1 1 0 1
in re-licensure inspections at rest <UNK> hospitals and clinics	0 0 0 0 0 0 0 0 0	0 1 0 0 1 0 1 0 1
neither kelly <UNK> the reporter who wrote the <UNK> <UNK> had <UNK> hill phantom at the time	0 0 0 0 0 0 0 0 0 0 0 0 0 0 0 0 0	1 1 1 0 0 0 0 0 1 0 0 1 1 0 0 0 1
<UNK> also asked dean <UNK> a tax <UNK> with <UNK> <UNK> <UNK> in cambridge to review this year most <UNK> and highest rated <UNK> programs for <UNK> compatible computers	0 0 0 0 0 0 0 0 0 0 0 0 0 0 0 0 0 0 0 0 0 0 0 0 0 0 0 0 0	0 1 1 0 1 0 1 0 0 1 1 0 0 1 0 1 1 0 0 1 0 1 1 1 1 0 1 1 0
that means paul leocos or ruth abrams the only woman on the court another possible choice is herbert wilkins a governor sargent appointee and next to hennessy the court most senior member	0 0 0 0 0 0 0 0 0 0 0 0 0 0 0 0 0 0 0 0 0 0 0 0 0 0 0 0 0 0 0 0	1 0 1 1 1 0 1 0 1 1 0 0 1 1 1 1 1 1 1 0 0 1 1 0 1 0 1 0 1 0 1 1
the issue has already stirred heated debate in boston where it bound to surface again	0 0 0 0 0 0 0 0 0 0 0 0 0 0 0	0 1 0 1 0 1 1 0 1 0 0 1 0 1 1
if rockport <UNK> the smithsonian <UNK> says the <UNK> likely to let the matter	0 0 0 0 0 0 0 0 0 0 0 0 0 0	1 1 1 0 1 1 0 0 1 1 0 1 0 0
cambridge hospital <UNK> david ray	0 0 0 0 0	1 0 1 0 1
task force member mary conroy who directs family education at saint margaret was one of the few dissenting <UNK> against the endorsement	0 0 0 0 0 0 0 0 0 0 0 0 0 0 0 0 0 0 0 0 0 0	1 1 1 1 1 0 1 1 1 0 0 1 1 1 0 0 0 1 0 1 0 1
to get that message across	0 0 0 0 0	0 0 0 1 1
if gilchrist had <UNK> had a <UNK> <UNK> the prosecution argued he would not have <UNK> a day before killing his boss	0 0 0 0 0 0 0 0 0 0 0 0 0 0 0 0 0 0 0 0 0 0	0 1 0 1 0 0 1 1 0 1 1 0 0 1 0 1 0 1 0 1 0 1
the <UNK> <UNK> <UNK> for series of <UNK> of women clinics in january and march which officials say cost the town up to seventy five thousand dollars	0 0 0 0 0 0 0 0 0 0 0 0 0 0 0 0 0 0 0 0 0 0 0 0 0 0 0	0 1 0 1 0 1 0 1 0 1 1 0 1 0 1 0 1 1 1 0 1 0 0 1 1 1 1
and if opponents <UNK> enough <UNK> to make it a ballot question in nineteen eighty eight state officials <UNK> voters will keep it <UNK>	0 0 0 0 0 0 0 0 0 0 0 0 0 0 0 0 0 0 0 0 0 0 0 0	0 0 1 0 0 1 0 0 0 0 1 1 0 1 0 1 1 0 1 1 0 1 0 1
under the new law the consequences of driving drunk will be swift and severe	0 0 0 0 0 0 0 0 0 0 0 0 0 0	1 0 1 1 0 1 0 1 1 0 0 1 0 1
the springfield jail built for two hundred seventy people now houses more than five hundred	0 0 0 0 0 0 0 0 0 0 0 0 0 0 0	0 1 1 1 0 1 0 1 0 1 1 1 0 1 0
set up by the superintendent of schools	0 0 0 0 0 0 0	1 1 0 0 1 0 1
a senate committee will take up that issue later this week	0 0 0 0 0 0 0 0 0 0 0	0 1 0 0 0 0 1 0 1 0 1
whenever a computer randomly calls them from jail the former prisoner plugs in to let corrections officials know theyre in the right place at the right time	0 0 0 0 0 0 0 0 0 0 0 0 0 0 0 0 0 0 0 0 0 0 0 0 0 0 0	1 0 1 1 1 0 0 1 0 1 1 1 0 0 0 1 1 1 0 0 0 1 1 0 0 1 1
if they think they can drink and drive and get away with it theyll try	0 0 0 0 0 0 0 0 0 0 0 0 0 0 0	0 0 1 0 1 1 0 1 0 0 1 0 0 0 1
she <UNK> for washington recent <UNK> of a proposed dam on rhode island big <UNK>	0 0 0 0 0 0 0 0 0 0 0 0 0 0 0	0 1 0 1 1 1 0 0 1 1 0 0 1 0 1
and soon it will <UNK> its <UNK> into the <UNK> <UNK> <UNK>	0 0 0 0 0 0 0 0 0 0 0 0	0 1 0 0 1 0 1 0 0 1 1 0
and the director of the american indian program at harvard graduate school of education	0 0 0 0 0 0 0 0 0 0 0 0 0 0	0 0 1 0 0 1 1 0 0 1 1 1 0 1
such supervision according to ash is a sensible cost effective alternative to incarceration that should not alarm civil libertarians	0 0 0 0 0 0 0 0 0 0 0 0 0 0 0 0 0 0 0	1 1 1 0 1 0 0 1 1 1 1 0 1 0 0 1 0 1 1
shannon <UNK> himself on having created a <UNK> unit and a public <UNK> division	0 0 0 0 0 0 0 0 0 0 0 0 0 0	1 1 0 0 1 0 0 1 0 0 0 1 1 0
some <UNK> say voters most likely to be <UNK> off by frank <UNK>	0 0 0 0 0 0 0 0 0 0 0 0 0	1 1 1 1 1 1 0 0 1 1 0 1 1
in nineteen <UNK> at the start of a <UNK> a young mit engineer named <UNK> olson took his idea for a computer design to <UNK> massachusetts	0 0 0 0 0 0 0 0 0 0 0 0 0 0 0 0 0 0 0 0 0 0 0 0 0 0	0 1 1 0 0 1 0 0 1 0 1 0 0 0 1 1 0 1 0 0 0 1 0 0 1 1
around that time the boston globe theater <UNK> kevin kelly wrote a series of <UNK> on the two <UNK>	0 0 0 0 0 0 0 0 0 0 0 0 0 0 0 0 0 0 0	1 0 1 0 1 0 1 0 0 1 0 0 1 0 1 0 0 1 1
head of <UNK> affairs for the hartford <UNK> of <UNK> joseph <UNK> is another longtime ballaga <UNK>	0 0 0 0 0 0 0 0 0 0 0 0 0 0 0 0 0	1 0 1 1 0 0 1 1 0 1 1 1 0 1 1 1 1
curry says many native american families <UNK> to see their children <UNK> on by school for a change now want to <UNK> them in prep school <UNK>	0 0 0 0 0 0 0 0 0 0 0 0 0 0 0 0 0 0 0 0 0 0 0 0 0 0 0	1 1 1 0 1 1 1 0 0 0 1 1 1 0 0 0 0 1 1 0 0 0 0 0 1 0 1
those people will register as having more alcohol in their blood than they actually do	0 0 0 0 0 0 0 0 0 0 0 0 0 0 0	1 0 0 1 0 0 1 1 0 0 1 0 0 1 1
the prison sentence for a second time offender has now doubled	1 0 0 0 0 0 0 0 0 0 0	0 1 1 0 0 1 0 0 1 0 1
other opponents say the issue for johnson controls is not fetal protection but <UNK> the company from <UNK> should an <UNK> child have birth defects	0 0 0 0 0 0 0 0 0 0 0 0 0 0 0 0 0 0 0 0 0 0 0 0 0	1 0 1 0 1 0 1 1 0 1 1 0 0 1 0 1 0 1 0 0 1 1 0 1 0
and if it can get that money where will it find funds to <UNK> the other state roads	0 0 0 0 0 0 0 0 0 0 0 0 0 0 0 0 0 0	0 0 0 0 1 1 0 1 0 0 1 1 0 1 0 1 0 1
but that would require the union to negotiate a <UNK> new agreement	0 0 0 0 0 0 0 0 0 0 0 0	0 1 0 1 0 1 0 1 0 1 0 1
who was a <UNK> before he was elected attorney general	0 0 0 0 0 0 0 0 0 0	0 1 0 1 1 0 0 1 1 1
the treaty on the agenda for this <UNK> world <UNK> for children at the <UNK> palacios says he received <UNK> <UNK> from the white house	0 0 0 0 0 0 0 0 0 0 0 0 0 0 0 0 0 0 0 0 0 0 0 0 0	0 1 1 0 1 0 1 1 1 1 0 1 0 0 1 1 1 0 0 1 0 0 0 1 0
that <UNK> <UNK> and beer as <UNK> <UNK> them from prohibition	0 0 0 0 0 0 0 0 0 0 0	0 1 1 0 1 0 1 1 0 0 1
because of the <UNK> debate over abortion and fetal rights	0 0 0 0 0 0 0 0 0 0	0 0 0 1 1 0 1 0 1 1
and it <UNK> to no longer be able to <UNK> <UNK>	0 0 0 0 0 0 0 0 0 0 0	0 0 1 0 0 1 0 1 0 1 1
a <UNK> <UNK> attorney is free on <UNK> after facing drug conspiracy charges in federal court in boston today	0 0 0 0 0 0 0 0 0 0 0 0 0 0 0 0 0 0 0	0 1 1 1 0 1 0 1 1 1 1 1 0 0 1 1 0 1 1
twenty seven year old michael <UNK> says at first he considered taking the law into his own hands	0 0 0 0 0 0 0 0 0 0 0 0 0 0 0 0 0 0	1 0 0 0 1 1 1 0 1 1 0 1 0 1 0 0 1 0
meanwhile <UNK> town officials <UNK> <UNK> against the same group today	0 0 0 0 0 0 0 0 0 0 0	1 1 0 1 1 1 0 0 1 0 0
wang and <UNK> general have developed compatible machines using <UNK> technology that cheaper but they were <UNK> to make the change and theyre now <UNK> the price	0 0 0 0 0 0 0 0 0 0 0 0 0 0 0 0 0 0 0 0 0 0 0 0 0 0 0	1 0 1 1 0 1 1 1 0 1 1 0 1 1 0 0 1 0 1 0 1 0 0 1 0 0 1
for example yesterday boston <UNK> reported wang would <UNK> off ten thousand workers a third of its <UNK> in the coming year	0 0 0 0 0 0 0 0 0 0 0 0 0 0 0 0 0 0 0 0 0 0	0 1 1 1 1 1 1 0 1 0 1 1 1 0 1 0 0 1 0 0 1 1
<UNK> says the food and drug division for example expects its annual inspections to drop by fifteen hundred	0 0 0 0 0 0 0 0 0 0 0 0 0 0 0 0 0 0	1 1 0 1 0 1 0 1 1 1 0 1 1 0 1 0 0 1
meanwhile lincoln enrollment is <UNK> <UNK> two more <UNK> next year	0 0 0 0 0 0 0 0 0 0 0	1 1 1 0 1 0 1 0 1 0 1
both positions were <UNK> by deland	0 0 0 0 0 0	1 1 0 1 0 1
under the new law the consequences of driving drunk will be swift and severe	0 0 0 0 0 0 0 0 0 0 0 0 0 0	1 0 1 0 0 1 0 1 1 0 0 1 0 1
state trooper joseph holly says this tough new law will mean fewer drunken drivers	0 0 0 0 0 0 0 0 0 0 0 0 0 0	0 1 0 1 0 0 1 0 1 0 0 1 1 1
that expense and others could be avoided some <UNK> say	0 0 0 0 0 0 0 0 0 0	1 1 0 1 1 0 1 0 1 1
is to use it to get about forty out of jail early	0 0 0 0 0 0 0 0 0 0 0 0	0 0 1 0 0 1 0 1 1 0 1 1
most county jail inmates did not commit violent crimes theyre in jail for such things as bad checks or stealing	0 0 0 0 0 0 0 0 0 0 0 0 0 0 0 0 0 0 0 0	1 0 0 1 0 1 0 1 0 0 0 1 0 0 1 0 1 1 0 1
in very <UNK> <UNK> to the clt petition is one sponsored by <UNK> the tax <UNK> <UNK> for massachusetts	0 0 0 0 0 0 0 0 0 0 0 0 0 0 0 0 0 0 0	0 1 0 1 0 0 1 0 0 1 1 0 1 0 1 1 0 0 1
will be wearing a wristband that hooks up with a special jack on their home phones	0 0 0 0 0 0 0 0 0 0 0 0 0 0 0 0	0 0 1 0 1 0 1 1 0 0 1 1 0 0 1 1
for wbur im andy bowers	0 0 0 0 0	0 1 1 0 1
dig deep into society	0 0 0 0	0 1 0 1
as an assistant attorney general some fifteen years ago	0 0 0 0 0 0 0 0 0	0 0 1 0 1 0 1 1 0
deputy <UNK> secretary <UNK> moore says that new england <UNK> <UNK> could fall <UNK> <UNK> levels as early as nineteen ninety-three and he says firing up <UNK> and new york <UNK> <UNK> would be the <UNK> and most <UNK> solution to <UNK> <UNK>	0 0 0 0 0 0 0 0 0 0 0 0 0 0 0 0 0 0 0 0 0 0 0 0 0 0 0 0 0 0 0 0 0 0 0 0 0 0 0 0 0 0 0	1 1 1 1 1 1 0 0 1 1 1 1 1 1 1 1 0 1 0 1 1 1 0 1 1 0 1 1 0 1 1 1 0 0 0 1 0 0 1 1 0 1 1
when tickets for the wang center production of hill phantom went on <UNK> in <UNK> theater <UNK> <UNK> to the <UNK> office <UNK> on by <UNK> with the show <UNK> in <UNK> type	0 0 0 0 1 0 0 0 0 0 0 0 0 0 0 0 0 0 0 0 0 0 0 0 0 0 0 0 0 0 0 0 0	0 1 0 0 1 0 1 0 1 1 0 0 1 0 1 1 1 1 0 0 1 0 0 1 0 1 0 0 0 1 0 1 0
some johnson controls <UNK> who may make history themselves <UNK> talk about the company fetal protection policy <UNK> <UNK> wo allow <UNK> into the <UNK> <UNK> so <UNK> and richard <UNK> <UNK> their home as a meeting place <UNK> mister <UNK> has worked at the battery plant for twenty five years	0 0 0 0 0 0 0 0 0 0 0 0 0 0 0 0 0 0 0 0 0 0 0 0 0 0 0 0 0 0 0 0 0 0 0 0 0 0 0 0 0 0 0 0 0 0 0 1 0 0 0	0 1 1 1 0 1 0 1 1 0 1 0 0 1 1 1 0 0 1 1 0 1 1 0 1 0 0 1 0 1 1 0 0 1 0 0 1 0 0 1 0 0 1 0 0 1 0 0 1 0 1
from the incumbent james shannon	0 0 0 0 0	0 0 1 1 1
if the clause is tested in court the state says it will pass constitutional muster	0 0 0 0 0 0 0 0 0 0 0 0 0 0 0	0 0 1 0 1 0 1 0 1 1 0 0 1 1 1
but they did last	0 0 0 0	0 1 0 1
for having opposed his <UNK> on school committee <UNK>	0 0 0 0 0 0 0 0 0	0 1 1 0 1 0 1 0 1
saying he got his <UNK> on the governor race not attorney general james shannon job	0 0 0 0 0 0 0 0 0 0 0 0 0 0 0	1 0 1 0 1 0 0 1 1 1 1 1 1 1 1
admirers give hennessy much of the credit	0 0 0 0 0 0 0	1 0 1 1 0 0 1
<UNK> <UNK> of the <UNK> league who <UNK> applauds act up <UNK> says shame on the <UNK> for their <UNK>	0 0 0 0 0 0 0 0 0 0 0 0 0 0 0 0 0 0 0 0	1 1 0 0 1 0 0 1 1 1 0 1 0 1 0 0 1 0 0 1
all but one of the chief justices since eighteen ninety nine when oliver wendell holmes was appointed came from the ranks of sjc associate justices	0 0 0 0 0 0 0 0 0 0 0 0 0 0 0 0 0 0 0 0 0 0 0 0 0	1 0 1 0 0 1 1 0 1 0 1 1 1 0 1 0 1 1 0 0 1 0 1 1 0
in two to four boston middle and high schools	0 0 0 0 0 0 0 0 0	0 1 0 1 0 1 0 1 0
the legislation came complete with a message from the governor to those seeking a little too much comfort and joy this holiday season and beyond	0 0 0 0 0 0 0 0 0 0 0 0 0 0 0 0 0 0 0 0 0 0 0 0 0	0 1 1 1 0 0 1 0 0 1 0 1 1 0 1 1 0 1 0 1 0 1 1 1 1
ash says the ultimate goal is to use it to get about forty out of jail early	0 0 0 0 0 0 0 0 0 0 0 0 0 0 0 0 0	1 0 0 1 1 0 0 1 0 0 0 0 1 0 0 1 1
but state officials are convinced that a problem	0 0 0 0 0 0 0 0	0 1 0 1 1 0 0 1
school based health clinics that would among other things	0 0 0 0 0 0 0 0 0	1 0 1 0 0 1 0 1 0
that means paul leocos or ruth abrams the only woman on the court	0 0 0 0 0 0 0 0 0 0 0 0 0	1 0 1 1 1 1 1 0 1 1 0 0 1
and the <UNK> says no one <UNK> his show with webber	0 0 0 0 0 0 0 0 0 0 0	0 0 1 1 1 0 0 1 0 0 1
for wbur im andy bowers	0 0 0 0 0	0 1 0 1 1
state officials say there will be the same level of enforcement bu professor henksen believes the key to the new law success is its enforcement	0 0 0 0 0 0 0 0 0 0 0 0 0 0 0 0 0 0 0 0 0 0 0 0 0	1 1 0 0 1 0 0 1 1 0 1 1 1 1 1 0 1 0 0 1 0 1 0 0 1
as well as long <UNK> prevention and health education are needed	0 0 0 0 0 0 0 0 0 0 0	0 1 0 1 0 1 0 1 1 0 1
organized by act up and two other <UNK> who say the church has no right to try to <UNK> public policy	0 0 0 0 0 0 0 0 0 0 0 0 0 0 0 0 0 0 0 0 0	1 0 1 0 0 0 1 0 0 1 0 1 0 1 0 0 0 0 1 1 1
and for a safe place to get birth control	0 0 0 0 0 0 0 0 0	0 0 0 1 1 0 0 1 1
seymour said severe <UNK> caused gilchrist to lose touch with <UNK> later this week the district attorney is expected to call on experts	0 0 0 0 0 0 0 0 0 0 0 0 0 0 0 0 0 0 0 0 0 0 0	1 1 1 1 0 1 0 1 1 0 1 1 0 0 0 1 1 0 1 0 1 0 1
if present trends continue this year in massachusetts approximately fourteen thousand teenagers will become pregnant	0 0 0 0 0 0 0 0 0 0 0 0 0 0 0	0 1 1 1 1 0 0 1 1 1 1 1 0 1 1
with a couple of small <UNK> made the last few days	0 0 0 0 0 0 0 0 0 0 0	0 0 1 0 1 1 1 0 1 0 1
charged with <UNK> applicants for <UNK> on the bench	0 0 0 0 0 0 0 0 0	1 0 1 1 0 1 0 0 1
allowed deland <UNK> of <UNK> to <UNK> environmental <UNK> wonder if ballaga will <UNK> as well	0 0 0 0 0 0 0 0 0 0 0 0 0 0 0 0	1 1 1 0 1 0 1 1 1 1 0 1 0 1 0 1
and led to an appointment as associate supreme court justice in nineteen seventy one	0 0 0 0 0 0 0 0 0 0 0 0 0 0	0 1 0 0 1 0 1 0 0 1 0 1 0 1
the change over will take effect in may	0 0 0 0 0 0 0 0	0 1 1 0 1 1 0 1
says now calls of support are <UNK> in	0 0 0 0 0 0 0 0	1 1 1 0 1 0 1 1
ma says the fdc will be <UNK> to step into a power <UNK> in china	0 0 0 0 0 0 0 0 0 0 0 0 0 0 0	1 1 0 1 0 0 1 0 0 0 0 1 0 0 1
and some blame <UNK> for the delay <UNK> <UNK> entrepreneurs <UNK> from <UNK> <UNK> an <UNK> where success <UNK> the <UNK> of the future	0 0 0 0 0 0 0 0 0 0 0 0 0 0 0 0 0 0 0 0 0 0 0 0	0 1 0 1 0 0 1 1 1 1 1 0 1 0 0 1 0 1 1 0 1 0 0 1
the former head of police training in massachusetts was among three people <UNK> today by a <UNK> county <UNK> jury for alleged ethics violations	0 0 0 0 0 0 0 0 0 0 0 0 0 0 0 0 0 0 0 0 0 0 0 0	0 1 1 0 1 1 0 1 0 0 1 0 1 1 0 0 1 1 1 1 0 1 1 0
recently after record <UNK> were announced a new president was named	0 0 0 0 0 0 0 0 0 0 0	1 0 1 1 0 1 0 1 0 0 1
advocates of dispensing contraceptives in schools see the poll as <UNK> their case	0 0 0 0 0 0 0 0 0 0 0 0 0	1 0 1 1 0 1 0 0 1 0 1 0 1
town officials say <UNK> that rockport already <UNK> in <UNK> to <UNK> for a new school <UNK> there no new library in <UNK> <UNK> denghausen money can be used for construction	0 0 0 0 0 0 0 0 0 0 0 0 0 0 0 0 0 0 0 0 0 0 0 0 0 0 0 0 0 0 0	1 1 0 1 0 1 1 1 0 1 0 1 0 0 1 0 1 0 1 0 1 0 1 0 1 0 0 0 1 0 1
but in boston deputy superintendent of the drug control unit james wood says information is the best <UNK>	0 0 0 0 0 0 0 0 0 0 0 0 0 0 0 0 0 0	0 0 1 1 0 0 0 1 1 0 1 1 1 1 1 0 1 1
hennessy is the sjc thirty second chief justice	0 0 0 0 0 0 0 0	1 0 0 1 1 0 1 1
who say it can <UNK> <UNK> <UNK> for <UNK> problems such as taxation and <UNK> <UNK>	0 0 0 0 0 0 0 0 0 0 0 0 0 0 0 0	0 1 1 0 0 1 1 0 1 1 0 0 1 0 1 1
treatment says mulligan is the key to <UNK> the spread of aids among <UNK>	0 0 0 0 0 0 0 0 0 0 0 0 0 0	1 0 1 0 0 1 0 1 0 1 0 1 0 1
he was president of the united auto workers union local in nineteen eighty two <UNK> when johnson controls <UNK> a new policy <UNK> it <UNK> <UNK> women from working in areas where they would be <UNK> to lead <UNK> in <UNK> to protect <UNK> should the workers become pregnant	0 0 0 0 0 0 0 0 0 0 0 0 0 0 0 0 0 0 0 0 0 0 0 0 0 0 0 0 0 0 0 0 0 0 0 0 0 0 0 0 0 0 0 0 0 0 0 0 0	0 0 1 0 0 1 1 0 1 1 0 1 0 1 0 0 1 1 1 0 1 1 0 0 1 1 1 0 1 0 1 0 1 0 0 1 0 1 0 0 1 0 0 1 1 0 1 0 1
wbur bruce gellerman reports	0 0 0 0	1 1 1 0
frank <UNK> in <UNK> is <UNK>	0 0 0 0 0 0	1 1 0 1 0 1
but this <UNK> at <UNK> has another theory	0 0 0 0 0 0 0 0	0 1 1 0 1 0 1 0
companies made <UNK> <UNK> their own <UNK> <UNK>	0 0 0 0 0 0 0 0	1 1 1 1 0 1 1 1
hennessy is the jnc thirty-second chief justice	0 0 0 0 0 0 0	1 0 0 1 1 0 1
two hundred people are <UNK> today outside a new <UNK> massachusetts abortion clinic	0 0 0 0 0 0 0 0 0 0 0 0 0	1 0 1 0 1 1 1 0 0 1 0 1 0
task force member mary conroy who directs family life education at saint margarets was one of a few dissenting votes against the endorsement	0 0 0 0 0 0 0 0 0 0 0 0 0 0 0 0 0 0 0 0 0 0 0	1 0 1 0 1 0 0 0 0 1 0 0 1 0 1 0 0 1 1 1 1 0 1
massachusetts computer companies were built <UNK> around one kind of computer the minicomputer	0 0 0 0 0 0 0 0 0 0 0 0 0	1 1 0 0 1 1 1 1 1 0 1 0 1
the other three associate justices were put on the bench by governor edward king	0 0 0 0 0 0 0 0 0 0 0 0 0 0	0 1 0 1 1 0 1 0 0 1 0 1 0 1
mayor ray flynn says the move is not in <UNK> to the case of accused police killer albert lewin	0 0 0 0 0 0 0 0 0 0 0 0 0 0 0 0 0 0 0	1 1 1 0 0 1 0 1 0 1 1 0 1 0 1 1 1 1 1
and to <UNK> <UNK> the <UNK> of the state most endangered species	0 0 0 0 0 0 0 0 0 0 0 0	0 0 1 1 0 1 0 0 1 1 1 1
set up by the superintendent of schools	0 0 0 0 0 0 0	1 0 0 0 1 0 1
attorney haskel kassler chairs the judicial nominating council eighteen attorneys and laypeople charged with <UNK> applicants for <UNK> on the bench	0 0 0 0 0 0 0 0 0 0 0 0 0 0 0 0 0 0 0 0 0	1 1 1 1 0 1 1 0 1 1 0 1 0 0 1 1 0 1 0 0 1
attorney haskel kassler chairs the judicial nominating council eighteen attorneys and laypeople charged with <UNK> applicants for <UNK> on the bench	0 0 0 0 0 0 0 0 0 0 0 0 0 0 0 0 0 0 0 0 0	1 1 1 1 0 0 1 0 1 0 0 1 1 0 1 1 0 1 0 0 1
but as wbur andy bowers reports they may have a long wait <UNK> of them	0 0 0 0 0 0 0 0 0 0 0 0 0 0 0	0 0 1 1 1 0 0 1 0 0 1 1 1 0 0
it called school based <UNK> and boston teachers union president ed dougherty	0 0 0 0 0 0 0 0 0 0 0 0	0 1 1 0 1 0 1 1 1 1 0 1
see the poll as <UNK> their case	0 0 0 0 0 0 0	1 0 1 0 1 0 1
junior patriarca the family alleged boss is expected to be <UNK> from rhode island to boston as early as tomorrow although patriarca lawyer says his forty five year old <UNK> suffers from <UNK> and <UNK> and may not be medically <UNK> for the <UNK>	0 0 0 0 0 0 0 0 0 0 0 0 0 0 0 0 0 0 0 0 0 0 0 0 0 0 0 0 0 0 0 0 0 0 0 0 0 0 0 0 0 0 0 0	1 0 0 1 1 1 0 1 0 0 1 0 0 1 0 1 0 1 0 1 0 1 1 0 0 1 1 0 0 1 0 0 1 0 1 0 1 0 0 1 1 0 0 1
but while conroy strongly opposes school based clinics as a solution calling them a bandaid that wo work prothro-stith says both attention to teenagers immediate needs as well as long <UNK> prevention and health education are needed	0 0 0 0 0 0 0 0 0 0 0 0 0 0 1 0 0 0 0 0 0 0 0 0 0 0 0 0 0 0 0 0 0 0 0 0 0	0 1 1 1 1 1 0 1 0 0 1 1 0 0 1 0 1 1 1 0 0 1 0 1 1 1 0 1 0 1 1 1 0 1 1 0 1
initially they were <UNK> by <UNK> later by <UNK>	0 0 0 0 0 0 0 0 0	1 0 0 1 0 1 1 0 1
selester says such <UNK> <UNK> gang members by <UNK> their <UNK> for <UNK>	0 0 0 0 0 0 0 0 0 0 0 0 0	1 1 1 1 1 0 1 0 1 0 1 0 1
the state public health department must <UNK> everything from <UNK> plants to hospitals to police <UNK> <UNK>	0 0 0 0 0 0 0 0 0 0 0 0 0 0 0 0 0	0 1 1 1 1 0 1 1 0 1 0 0 1 0 1 0 1
mayor and krupnik are only just beginning to look beyond the <UNK> time male and female students <UNK>	0 0 0 0 0 0 0 0 0 0 0 0 0 0 0 0 0 0	1 0 1 0 1 1 1 0 1 1 0 0 1 1 0 1 1 1
but harshbarger with twenty years <UNK> in criminal and civil courts	0 0 0 0 0 0 0 0 0 0 0	0 1 0 1 0 1 0 1 0 1 1
all but one of the chief justices since eighteen ninety nine when oliver wendell holmes was appointed came from the ranks of sjc associate justices	0 0 0 0 0 0 0 0 0 0 0 0 0 0 0 0 0 0 0 0 0 0 0 0 0	1 0 1 0 0 1 1 0 1 0 1 0 0 0 1 0 1 1 0 0 1 0 1 1 0
lynn activist chip ford has yet to give a name to his committee but he already set its goal to repeal what is the most controversial clause in the safe roads act the per se clause which allows someone to be punished for drinking and driving before theyve even been tried in court	0 0 0 0 0 0 0 0 0 0 0 0 0 0 0 0 0 0 0 0 0 0 0 0 0 0 0 0 0 0 0 0 0 0 0 0 0 0 0 0 0 0 0 0 0 0 0 0 0 0 0 0 0	0 1 0 1 0 1 0 0 0 1 0 0 1 0 0 1 0 0 1 0 1 1 0 0 1 1 1 0 0 1 1 1 0 1 1 1 0 1 1 0 0 1 0 1 0 1 1 1 1 0 1 0 1
the present library <UNK> in nineteen oh six director <UNK> <UNK> <UNK> for <UNK> of books on the <UNK> saying there no more <UNK> on the <UNK>	0 0 0 0 0 0 0 0 0 0 0 0 0 0 0 0 0 0 0 0 0 0 0 0 0 0 0	0 1 0 1 0 1 0 1 1 1 1 1 0 1 0 1 0 0 1 1 0 1 0 1 0 0 1
in fact green says she <UNK> her job as a <UNK> <UNK> but when the fetal protection policy took effect green was <UNK> to a low lead area her <UNK> <UNK> remained the same but she lost <UNK> <UNK>	0 0 0 0 0 0 0 0 0 0 0 0 0 0 0 0 0 0 0 0 0 0 0 0 0 0 0 0 0 0 0 0 0 0 0 0 0 0 0	0 1 1 0 1 1 0 1 0 0 1 0 0 1 0 1 1 1 0 1 1 0 1 0 0 1 0 1 0 1 0 0 0 1 0 0 1 1 0
dealing with other adolescent issues like depression suicide and eating disorders	0 0 0 0 0 0 0 0 0 0 0	1 0 1 0 1 0 1 1 0 1 0
im irene doyle	0 0 0	1 1 1
new <UNK> governor <UNK> greg says he <UNK> his <UNK> to delay low power testing at the <UNK> <UNK> plant	0 0 0 0 0 0 0 0 0 0 0 0 0 0 0 0 0 0 0 0	0 1 1 1 1 0 0 1 0 1 0 1 1 1 1 0 0 1 1 0
for wbur im margo melnicove	0 0 0 0 0	1 1 0 0 1
task force member mary conroy who directs family life education at saint margaret was one of a few dissenting votes against the endorsement	0 0 0 0 0 0 0 0 0 0 0 0 0 0 0 0 0 0 0 0 0 0 0	1 0 0 1 1 1 1 1 1 1 0 1 0 0 1 0 0 1 1 0 1 0 0
the <UNK> in short are <UNK>	0 0 0 0 0 0	0 1 0 1 1 1
kassler says unlike the federal supreme court there no litmus test on particular issues that massachusetts high court nominees must pass	0 0 0 0 0 0 0 0 0 0 0 0 0 0 0 0 0 0 0 0 0	1 0 1 0 1 0 0 0 1 1 0 0 0 1 0 1 0 0 0 0 1
a victory tonight would move the b on to the second round of the nhl play-offs the red sox take a day off they resume their series against cleveland at fenway park tomorrow	0 0 0 0 0 0 0 0 0 0 0 0 0 0 0 0 0 0 0 0 0 0 0 0 0 0 0 0 0 0 0 0 0	0 1 1 0 1 0 1 1 0 0 1 1 0 0 1 1 0 1 0 1 0 1 1 0 1 0 1 0 1 0 1 1 1
both wong and <UNK> are now <UNK> a new <UNK> how to move the american legislative process theyve been at the <UNK> of efforts by chinese students to change their us <UNK> <UNK>	0 0 0 0 0 0 0 0 0 0 0 0 0 0 0 0 0 0 0 0 0 0 0 0 0 0 0 0 0 0 0 0 0	0 1 1 1 0 1 1 0 1 1 1 0 1 0 1 1 0 0 1 0 0 1 0 1 0 1 1 0 1 0 1 1 0
<UNK> almost eight thousand children	0 0 0 0 0	1 0 1 1 1
for wbur im margo melnicove	0 0 0 0 0	0 1 1 1 1
such supervision according to ash is a sensible cost effective alternative to incarceration that should not alarm civil libertarians	0 0 0 0 0 0 0 0 0 0 0 0 0 0 0 0 0 0 0	1 1 1 0 1 0 0 1 1 0 1 0 1 0 0 1 1 0 1
usually the jnc refers three nominees to the governor his top choice is rated by bar associations	0 0 0 0 0 0 0 0 0 0 0 0 0 0 0 0 0	1 0 1 0 1 0 0 0 1 0 1 1 0 1 0 1 0
if they think they can drink and drive and get away with it theyll try	0 0 0 0 0 0 0 0 0 0 0 0 0 0 0	0 0 1 0 0 1 0 1 0 0 1 0 0 0 1
but time is critical because there may be several thousand students whose <UNK> have already <UNK>	0 0 0 0 0 0 0 0 0 0 0 0 0 0 0 0	0 1 0 1 1 0 1 0 1 1 1 0 1 0 1 0
reganburg says if state <UNK> <UNK> <UNK> may become available to illegal aliens again but several <UNK> have <UNK> bills to make sure that does happen	0 0 0 0 0 0 0 0 0 0 0 0 0 0 0 0 0 0 0 0 0 0 0 0 0 0	1 1 0 1 1 1 1 1 0 1 0 1 1 1 0 1 1 0 1 1 0 0 0 1 0 1
for wbur im margo melnicove	0 0 0 0 0	0 1 1 0 1
because he ca <UNK> <UNK> off an <UNK>	0 0 0 0 0 0 0 0	0 0 0 1 0 1 0 1
no one knows how much time theyll have to <UNK> potential users	0 0 0 0 0 0 0 0 0 0 0 0	1 0 1 0 0 1 0 0 0 1 1 1
it has been determined <UNK> who will dispense them	0 0 0 0 0 0 0 0 0	0 1 0 1 1 1 0 1 0
a state environmental impact report is likely to be required	0 0 0 0 0 0 0 0 0 0	0 1 1 1 0 0 1 0 0 1
the author of more than eight hundred state supreme court opinions hennessy is widely respected for his legal scholarship and his administrative abilities	0 0 0 0 0 0 0 0 0 0 0 0 0 0 0 0 0 0 0 0 0 0 0	0 1 0 1 0 1 1 1 1 1 1 1 0 1 1 0 0 1 1 1 0 1 0
for wbur im margo melnicove	0 0 0 0 0	0 1 1 1 1
state officials say there will be the same levels of enforcement bu professor henksen believes the key to the new law success is its enforcement	0 0 0 0 0 0 0 0 0 0 0 0 0 0 0 0 0 0 0 0 0 0 0 0 0	0 1 1 0 0 0 0 1 1 0 1 1 1 1 1 0 1 0 0 1 1 1 1 0 1
dimaiti says <UNK> will be made in august	0 0 0 0 0 0 0 0	1 0 1 0 0 0 0 1
the state supreme court also ruled today that <UNK> of <UNK> does not give people the right to smoke <UNK>	0 0 0 0 0 0 0 0 0 0 0 0 0 0 0 0 0 0 0 0	0 1 0 0 1 0 0 0 1 0 1 0 1 0 1 0 1 0 1 1
these three young women like the idea of school-based health clinics	0 0 0 0 0 0 0 0 0 0 0	1 1 0 1 1 0 1 0 1 1 1
the arrest <UNK> <UNK> in <UNK> <UNK> the attorney to a government <UNK> of the <UNK> drug <UNK>	0 0 0 0 0 0 0 0 0 0 0 0 0 0 0 0 0 0	0 1 1 1 0 1 1 0 1 0 0 1 1 0 0 1 1 1
if the per se clause is tested in court the state says it will pass constitutional muster and if opponents <UNK> enough <UNK> to make it a ballot question in nineteen eighty eight state officials <UNK> voters will keep it <UNK>	0 0 0 0 0 0 0 0 0 0 0 0 0 0 0 0 0 0 0 0 0 0 0 0 0 0 0 0 0 0 0 0 0 0 0 0 0 0 0 0 0	1 0 0 1 0 0 1 0 1 0 1 0 0 0 1 1 1 0 0 1 1 1 1 0 1 0 0 1 0 0 1 1 1 1 0 1 1 0 1 0 1
most county jail inmates did not commit violent crimes theyre in jail for such things as bad checks or stealing	0 0 0 0 0 0 0 0 0 0 0 0 0 0 0 0 0 0 0 0	1 0 0 0 0 1 0 1 0 0 0 1 0 0 1 0 1 1 0 1
and towns that employ <UNK> public health agents	0 0 0 0 0 0 0 0	0 1 0 0 1 0 0 1
if he sticks with tradition dukakis is likely to elevate one of his appointees to chief	0 0 0 0 0 0 0 0 0 0 0 0 0 0 0 0	1 0 1 0 1 1 0 1 0 1 1 0 0 0 0 1
both attention to teenagers immediate needs as well as long <UNK> prevention and health education are needed	0 0 0 0 0 0 0 0 0 0 0 0 0 0 0 0 0	0 1 0 1 1 0 0 0 0 1 0 1 0 0 1 0 1
the town has <UNK> its <UNK> with black youngsters from boston since metco <UNK> twenty five years ago	0 0 0 0 0 0 0 0 0 0 0 0 0 0 0 0 0 0	0 1 0 1 0 1 0 1 1 0 1 0 1 1 0 0 1 0
this woman <UNK> three hundred dollars a month under general relief <UNK> four hundred dollars a month in <UNK> <UNK> for her son who is a us <UNK>	0 0 0 0 0 0 0 0 0 0 0 0 0 0 0 0 0 0 0 0 0 0 0 0 0 0 0 0	0 1 1 1 0 1 0 1 0 1 1 0 1 0 0 0 1 0 1 0 0 0 1 0 0 0 1 1
<UNK> <UNK> <UNK> <UNK> was <UNK> out in the sixth inning but <UNK> the <UNK> anyway after <UNK> <UNK> came in to make the save	0 0 0 0 0 0 0 0 0 0 0 0 0 0 0 0 0 0 0 0 0 0 0 0 0	1 1 1 1 0 1 0 0 0 1 0 0 1 0 0 1 1 1 1 0 1 0 1 0 1
when classes resume at wheaton college tomorrow the former all women school will get its second <UNK> of male students	0 0 0 0 0 0 0 0 0 0 0 0 0 0 0 0 0 0 0 0	0 1 1 0 1 1 1 0 1 1 1 0 0 1 0 1 0 0 1 0
the celtics take on the new <UNK> <UNK> tonight as the bruins rest the b <UNK> buffalo again yesterday to put them two games up in their nhl <UNK> series with the sabers	0 0 0 0 0 0 0 0 0 0 0 0 0 0 0 0 0 0 0 0 0 0 0 0 0 0 0 0 0 0 0 0 0	0 1 0 1 0 1 1 1 1 0 0 1 1 0 1 1 1 0 1 0 1 0 1 0 1 0 0 1 1 0 1 0 1
the state safe roads act is only a few days old but it already facing a challenge	0 0 0 0 0 0 0 0 0 0 0 0 0 0 0 0 0	0 1 0 1 0 0 0 0 1 0 1 0 0 1 1 0 1
governor dukakis <UNK> with environmentalists today who <UNK> at the state house to push for open space legislation	0 0 0 0 0 0 0 0 0 0 0 0 0 0 0 0 0 0	1 1 1 0 1 1 0 1 0 0 1 0 0 1 0 1 1 1
smithsonian <UNK> <UNK> <UNK> <UNK> the <UNK> not being <UNK>	0 0 0 0 0 0 0 0 0 0	1 1 1 1 1 0 1 1 0 1
in the american league	0 0 0 0	0 0 1 1
the wristband can be removed only by breaking its clasp and if that done	0 0 0 0 0 0 0 0 0 0 0 0 0 0	0 1 0 0 1 1 0 1 0 1 0 0 1 1
this last young mother-to-be is luckier than many	0 0 0 0 0 0 0 0	1 1 0 0 0 1 0 1
but she certain denghausen would be furious too	0 0 0 0 0 0 0 0	0 0 1 1 0 0 1 1
they <UNK> that harshbarger who <UNK> for state attorney general in nineteen ninety	0 0 0 0 0 0 0 0 0 0 0 0 0	1 1 0 1 0 1 0 1 1 1 0 1 1
state trooper joseph holly says this tough new law will mean fewer drunken drivers	0 0 0 0 0 0 0 0 0 0 0 0 0 0	1 1 1 1 0 0 1 0 1 0 1 1 1 1
